"DESCRIPTION","DURATION IN MS","NAME","PARENT SUITE","START TIME","STATUS","STOP TIME","SUB SUITE","SUITE","TEST CLASS","TEST METHOD"
"","3295","Password field placeholder text colour","webkit-noauth","2026-08-11","passed","2026-08-11","Login Page - UI Verification","features/01_login.feature.spec.js","",""
"","5493","Sorting of Number of classes in Descending order","chromium-auth","2026-08-11","passed","2026-08-11","Batch Page UI","features/04_batch.feature.spec.js","",""
"","14241","Example #18","chromium-auth","2026-08-11","failed","2026-08-11","Program Page Verification > Add new program with valid details","features/03_program.feature.spec.js","",""
"","6038","Delete Multiple programs","chromium-auth","2026-08-11","passed","2026-08-11","Program Page Verification","features/03_program.feature.spec.js","",""
"","5423","First Page Navigation","chromium-auth","2026-08-11","passed","2026-08-11","Batch Page UI","features/04_batch.feature.spec.js","",""
"","2934","Broken link verification","webkit-noauth","2026-08-11","passed","2026-08-11","Login Page - UI Verification","features/01_login.feature.spec.js","",""
"","7271","Login with wrong password","webkit-noauth","2026-08-11","passed","2026-08-11","Login Page - UI Verification > Login with <scenario>","features/01_login.feature.spec.js","",""
"","4700","Different elements on Batch page are displayed","webkit-auth","2026-08-11","passed","2026-08-11","Batch Page UI","features/04_batch.feature.spec.js","",""
"","5007","Select multiple programs","chromium-auth","2026-08-11","passed","2026-08-11","Program Page Verification","features/03_program.feature.spec.js","",""
"","3428","Placeholder presence in dropdown","webkit-noauth","2026-08-11","passed","2026-08-11","Login Page - UI Verification","features/01_login.feature.spec.js","",""
"","3366","Example #1","chromium-auth","2026-08-11","failed","2026-08-11","Batch Page UI > Search by batch name","features/04_batch.feature.spec.js","",""
"","6449","Login with invalid role","chromium-noauth","2026-08-11","passed","2026-08-11","Login Page - UI Verification > Login with <scenario>","features/01_login.feature.spec.js","",""
"","3582","Example #3","chromium-auth","2026-08-11","passed","2026-08-11","Program Page Verification > Add New Program - UI Validation","features/03_program.feature.spec.js","",""
"","5117","Example #3","webkit-auth","2026-08-11","passed","2026-08-11","Program Page Verification > Add New Program - UI Validation","features/03_program.feature.spec.js","",""
"","7689","Sorting of Batch Description in Descending order","webkit-auth","2026-08-11","passed","2026-08-11","Batch Page UI","features/04_batch.feature.spec.js","",""
"","3175","Verify user status bar chart","chromium-auth","2026-08-11","failed","2026-08-11","Home Page - UI Validation","features/02_homepage.feature.spec.js","",""
"","2997","Verify Batches count card","chromium-auth","2026-08-11","passed","2026-08-11","Home Page - UI Validation","features/02_homepage.feature.spec.js","",""
"","2589","Access app with invalid URL","chromium-noauth","2026-08-11","passed","2026-08-11","Login Page - UI Verification","features/01_login.feature.spec.js","",""
"","5426","Example #6","chromium-auth","2026-08-11","passed","2026-08-11","Program Page Verification > Add new program with valid details","features/03_program.feature.spec.js","",""
"","6458","Login with wrong password","chromium-noauth","2026-08-11","passed","2026-08-11","Login Page - UI Verification > Login with <scenario>","features/01_login.feature.spec.js","",""
"","4529","Batch-sub menu displayed","webkit-auth","2026-08-11","passed","2026-08-11","Batch Page UI","features/04_batch.feature.spec.js","",""
"","6472","Example #5","webkit-auth","2026-08-11","passed","2026-08-11","Program Page Verification > Add new program with valid details","features/03_program.feature.spec.js","",""
"","3610","Example #14","chromium-auth","2026-08-11","passed","2026-08-11","Program Page Verification > Add new program with valid details","features/03_program.feature.spec.js","",""
"","6404","Example #8","webkit-auth","2026-08-11","passed","2026-08-11","Program Page Verification > Add new program with valid details","features/03_program.feature.spec.js","",""
"","3729","Validate editing description and No. of classes fields with ""invalid data and click save button"" in the pop up","chromium-auth","2026-08-11","passed","2026-08-11","Batch Page UI > Validate editing description and No. of classes fields with ""<details>"" in the pop up","features/04_batch.feature.spec.js","",""
"","6378","Login with empty password","chromium-noauth","2026-08-11","passed","2026-08-11","Login Page - UI Verification > Login with <scenario>","features/01_login.feature.spec.js","",""
"","3543","Example #2","chromium-auth","2026-08-11","passed","2026-08-11","Program Page Verification > Add New Program - UI Validation","features/03_program.feature.spec.js","",""
"","3764","Delete batch Successfully on batch page","chromium-auth","2026-08-11","passed","2026-08-11","Batch Page UI","features/04_batch.feature.spec.js","",""
"","2917","Placeholder presence in dropdown","chromium-noauth","2026-08-11","passed","2026-08-11","Login Page - UI Verification","features/01_login.feature.spec.js","",""
"","4885","Example #4","webkit-auth","2026-08-11","passed","2026-08-11","Program Page Verification > Add New Program - UI Validation","features/03_program.feature.spec.js","",""
"","3892","Verify title of the LMS","webkit-auth","2026-08-11","passed","2026-08-11","Home Page - UI Validation","features/02_homepage.feature.spec.js","",""
"","8332","Previous Page Navigation","webkit-auth","2026-08-11","passed","2026-08-11","Program Page Verification","features/03_program.feature.spec.js","",""
"","6149","Delete batch Successfully on batch page","webkit-auth","2026-08-11","passed","2026-08-11","Batch Page UI","features/04_batch.feature.spec.js","",""
"","5143","Example #1","webkit-auth","2026-08-11","passed","2026-08-11","Program Page Verification > Add New Program - UI Validation","features/03_program.feature.spec.js","",""
"","2948","Role dropdown is displayed","chromium-noauth","2026-08-11","passed","2026-08-11","Login Page - UI Verification","features/01_login.feature.spec.js","",""
"","6270","Search by Non-Existent Program Name","webkit-auth","2026-08-11","passed","2026-08-11","Program Page Verification","features/03_program.feature.spec.js","",""
"","3675","Example #2","chromium-auth","2026-08-11","passed","2026-08-11","Program Page Verification > Edit program field","features/03_program.feature.spec.js","",""
"","6608","Close icon functionality of Program","webkit-auth","2026-08-11","passed","2026-08-11","Program Page Verification","features/03_program.feature.spec.js","",""
"","3367","Select multiple batch on batch page","chromium-auth","2026-08-11","failed","2026-08-11","Batch Page UI","features/04_batch.feature.spec.js","",""
"","3246","Company name is displayed","webkit-noauth","2026-08-11","passed","2026-08-11","Login Page - UI Verification","features/01_login.feature.spec.js","",""
"","4127","Verify Staff Data table","webkit-auth","2026-08-11","passed","2026-08-11","Home Page - UI Validation","features/02_homepage.feature.spec.js","",""
"","31192","Example #2","chromium-auth","2026-08-11","broken","2026-08-11","Home Page - UI Validation > Verify user status chart legends","features/02_homepage.feature.spec.js","",""
"","17104","Example #18","webkit-auth","2026-08-11","failed","2026-08-11","Program Page Verification > Add new program with valid details","features/03_program.feature.spec.js","",""
"","3412","Asterisk is displayed for password field","webkit-noauth","2026-08-11","passed","2026-08-11","Login Page - UI Verification","features/01_login.feature.spec.js","",""
"","4292","Verify user status bar chart","webkit-auth","2026-08-11","failed","2026-08-11","Home Page - UI Validation","features/02_homepage.feature.spec.js","",""
"","6560","Example #12","webkit-auth","2026-08-11","failed","2026-08-11","Program Page Verification > Add new program with valid details","features/03_program.feature.spec.js","",""
"","3910","Admin navigates to Batch page","webkit-auth","2026-08-11","passed","2026-08-11","Batch Page UI","features/04_batch.feature.spec.js","",""
"","3223","Verify User count card","chromium-auth","2026-08-11","passed","2026-08-11","Home Page - UI Validation","features/02_homepage.feature.spec.js","",""
"","8569","Last Page Navigation","webkit-auth","2026-08-11","passed","2026-08-11","Batch Page UI","features/04_batch.feature.spec.js","",""
"","8409","Cancel Multiple Deletion","webkit-auth","2026-08-11","passed","2026-08-11","Program Page Verification","features/03_program.feature.spec.js","",""
"","6048","close icon functionality for delete batch","webkit-auth","2026-08-11","passed","2026-08-11","Batch Page UI","features/04_batch.feature.spec.js","",""
"","6298","Example #7","webkit-auth","2026-08-11","passed","2026-08-11","Program Page Verification > Add new program with valid details","features/03_program.feature.spec.js","",""
"","6449","Cancel Button functionality of Program","webkit-auth","2026-08-11","passed","2026-08-11","Program Page Verification","features/03_program.feature.spec.js","",""
"","2974","Verify welcome message","chromium-auth","2026-08-11","passed","2026-08-11","Home Page - UI Validation","features/02_homepage.feature.spec.js","",""
"","6024","Login with no role selected","chromium-noauth","2026-08-11","passed","2026-08-11","Login Page - UI Verification > Login with <scenario>","features/01_login.feature.spec.js","",""
"","3790","Validate editing description and No. of classes fields with ""valid data and click cancel button"" in the pop up","chromium-auth","2026-08-11","passed","2026-08-11","Batch Page UI > Validate editing description and No. of classes fields with ""<details>"" in the pop up","features/04_batch.feature.spec.js","",""
"","3920","Verify empty Staff Data table","webkit-auth","2026-08-11","passed","2026-08-11","Home Page - UI Validation","features/02_homepage.feature.spec.js","",""
"","2940","Login instruction message is displayed","chromium-noauth","2026-08-11","passed","2026-08-11","Login Page - UI Verification","features/01_login.feature.spec.js","",""
"","3905","Cancel Button functionality of Program","chromium-auth","2026-08-11","passed","2026-08-11","Program Page Verification","features/03_program.feature.spec.js","",""
"","9269","Last Page Navigation","webkit-auth","2026-08-11","passed","2026-08-11","Program Page Verification","features/03_program.feature.spec.js","",""
"","7385","Login with special chars in username","webkit-noauth","2026-08-11","failed","2026-08-11","Login Page - UI Verification > Login with <scenario>","features/01_login.feature.spec.js","",""
"","7269","Login with empty username","webkit-noauth","2026-08-11","passed","2026-08-11","Login Page - UI Verification > Login with <scenario>","features/01_login.feature.spec.js","",""
"","3584","Example #3","chromium-auth","2026-08-11","passed","2026-08-11","Program Page Verification > Add new program with valid details","features/03_program.feature.spec.js","",""
"","6950","Close Multiple deletion confirmation","chromium-auth","2026-08-11","passed","2026-08-11","Program Page Verification","features/03_program.feature.spec.js","",""
"","4856","Example #3","chromium-auth","2026-08-11","passed","2026-08-11","Program Page Verification > Verify stored program search","features/03_program.feature.spec.js","",""
"","2940","Verify Staff Data table","chromium-auth","2026-08-11","passed","2026-08-11","Home Page - UI Validation","features/02_homepage.feature.spec.js","",""
"","8218","Last page arrow enabled on first page","webkit-auth","2026-08-11","passed","2026-08-11","Batch Page UI","features/04_batch.feature.spec.js","",""
"","3980","Verify Batches count card","webkit-auth","2026-08-11","passed","2026-08-11","Home Page - UI Validation","features/02_homepage.feature.spec.js","",""
"","4475","Delete Multiple Batches on batch page","webkit-auth","2026-08-11","failed","2026-08-11","Batch Page UI","features/04_batch.feature.spec.js","",""
"","3668","Verify Staff count card","webkit-auth","2026-08-11","passed","2026-08-11","Home Page - UI Validation","features/02_homepage.feature.spec.js","",""
"","3241","Application title is displayed","webkit-noauth","2026-08-11","passed","2026-08-11","Login Page - UI Verification","features/01_login.feature.spec.js","",""
"","4226","Login with valid credentials","chromium-noauth","2026-08-11","passed","2026-08-11","Login Page - UI Verification > Login with <scenario>","features/01_login.feature.spec.js","",""
"","5431","Different fields are displayed under Batch Details dialog box","webkit-auth","2026-08-11","passed","2026-08-11","Batch Page UI","features/04_batch.feature.spec.js","",""
"","5921","Verify edited Program details","chromium-auth","2026-08-11","passed","2026-08-11","Program Page Verification","features/03_program.feature.spec.js","",""
"","8226","Sorting of Number of classes in Descending order","webkit-auth","2026-08-11","passed","2026-08-11","Batch Page UI","features/04_batch.feature.spec.js","",""
"","3521","Add New Batch dialog is displayed","chromium-auth","2026-08-11","passed","2026-08-11","Batch Page UI","features/04_batch.feature.spec.js","",""
"","3400","Example #1","chromium-auth","2026-08-11","passed","2026-08-11","Program Page Verification > Add New Program - UI Validation","features/03_program.feature.spec.js","",""
"","5911","Example #10","webkit-auth","2026-08-11","passed","2026-08-11","Program Page Verification > Add new program with valid details","features/03_program.feature.spec.js","",""
"","3011","Login page is displayed successfully","chromium-noauth","2026-08-11","passed","2026-08-11","Login Page - UI Verification","features/01_login.feature.spec.js","",""
"","6104","Example #11","webkit-auth","2026-08-11","passed","2026-08-11","Program Page Verification > Add new program with valid details","features/03_program.feature.spec.js","",""
"","4853","Search by Non-Existent Program Name","chromium-auth","2026-08-11","passed","2026-08-11","Program Page Verification","features/03_program.feature.spec.js","",""
"","5087","Example #5","webkit-auth","2026-08-11","passed","2026-08-11","Program Page Verification > Add New Program - UI Validation","features/03_program.feature.spec.js","",""
"","3578","Example #2","chromium-auth","2026-08-11","passed","2026-08-11","Program Page Verification > Add new program with valid details","features/03_program.feature.spec.js","",""
"","4862","Login with using keyboard","webkit-noauth","2026-08-11","passed","2026-08-11","Login Page - UI Verification > Login with <scenario>","features/01_login.feature.spec.js","",""
"","2464","Broken link verification","chromium-noauth","2026-08-11","passed","2026-08-11","Login Page - UI Verification","features/01_login.feature.spec.js","",""
"","3375","Asterisk is displayed for user field","webkit-noauth","2026-08-11","passed","2026-08-11","Login Page - UI Verification","features/01_login.feature.spec.js","",""
"","6316","Example #14","webkit-auth","2026-08-11","passed","2026-08-11","Program Page Verification > Add new program with valid details","features/03_program.feature.spec.js","",""
"","3515","Different fields are displayed under Batch Details dialog box","chromium-auth","2026-08-11","passed","2026-08-11","Batch Page UI","features/04_batch.feature.spec.js","",""
"","6084","Example #4","webkit-auth","2026-08-11","passed","2026-08-11","Program Page Verification > Add new program with valid details","features/03_program.feature.spec.js","",""
"","5113","Sorting of Program Description in Ascending order","webkit-auth","2026-08-11","passed","2026-08-11","Program Page Verification","features/03_program.feature.spec.js","",""
"","6477","Select multiple programs","webkit-auth","2026-08-11","passed","2026-08-11","Program Page Verification","features/03_program.feature.spec.js","",""
"","3816","Sorting of Batch Name in Ascending order","chromium-auth","2026-08-11","passed","2026-08-11","Batch Page UI","features/04_batch.feature.spec.js","",""
"","3502","Example #5","chromium-auth","2026-08-11","passed","2026-08-11","Program Page Verification > Add New Program - UI Validation","features/03_program.feature.spec.js","",""
"","3602","Batch name Prefix cannot be edited","chromium-auth","2026-08-11","passed","2026-08-11","Batch Page UI","features/04_batch.feature.spec.js","",""
"","3091","Access app with invalid URL","webkit-noauth","2026-08-11","passed","2026-08-11","Login Page - UI Verification","features/01_login.feature.spec.js","",""
"","4992","Sorting of Batch Description in Ascending order","webkit-auth","2026-08-11","passed","2026-08-11","Batch Page UI","features/04_batch.feature.spec.js","",""
"","3527","Display Delete Confirmation","chromium-auth","2026-08-11","passed","2026-08-11","Batch Page UI","features/04_batch.feature.spec.js","",""
"","2929","Text presence on the second field","chromium-noauth","2026-08-11","passed","2026-08-11","Login Page - UI Verification","features/01_login.feature.spec.js","",""
"","9432","Deleted program Visibility","chromium-auth","2026-08-11","passed","2026-08-11","Program Page Verification","features/03_program.feature.spec.js","",""
"","8514","First Page Navigation","webkit-auth","2026-08-11","passed","2026-08-11","Program Page Verification","features/03_program.feature.spec.js","",""
"","6144","Example #1","webkit-auth","2026-08-11","passed","2026-08-11","Program Page Verification > Add new program with valid details","features/03_program.feature.spec.js","",""
"","3788","Sorting of Program status in Ascending order","chromium-auth","2026-08-11","passed","2026-08-11","Program Page Verification","features/03_program.feature.spec.js","",""
"","7529","Last Page Navigation","chromium-auth","2026-08-11","passed","2026-08-11","Program Page Verification","features/03_program.feature.spec.js","",""
"","5622","Validate editing description and No. of classes fields with ""invalid data and click save button"" in the pop up","webkit-auth","2026-08-11","passed","2026-08-11","Batch Page UI > Validate editing description and No. of classes fields with ""<details>"" in the pop up","features/04_batch.feature.spec.js","",""
"","4009","Verify Programs count card","webkit-auth","2026-08-11","passed","2026-08-11","Home Page - UI Validation","features/02_homepage.feature.spec.js","",""
"","31205","Example #1","chromium-auth","2026-08-11","broken","2026-08-11","Home Page - UI Validation > Verify user status chart legends","features/02_homepage.feature.spec.js","",""
"","3928","Login with using keyboard","chromium-noauth","2026-08-11","passed","2026-08-11","Login Page - UI Verification > Login with <scenario>","features/01_login.feature.spec.js","",""
"","16743","Example #16","webkit-auth","2026-08-11","failed","2026-08-11","Program Page Verification > Add new program with valid details","features/03_program.feature.spec.js","",""
"","4959","Sorting of Batch status in Ascending order","webkit-auth","2026-08-11","passed","2026-08-11","Batch Page UI","features/04_batch.feature.spec.js","",""
"","3807","Verify navigation bar","webkit-auth","2026-08-11","passed","2026-08-11","Home Page - UI Validation","features/02_homepage.feature.spec.js","",""
"","5122","Sorting of Program status in Ascending order","webkit-auth","2026-08-11","passed","2026-08-11","Program Page Verification","features/03_program.feature.spec.js","",""
"","31612","Example #1","webkit-auth","2026-08-11","broken","2026-08-11","Home Page - UI Validation > Verify user status chart legends","features/02_homepage.feature.spec.js","",""
"","8068","Previous page arrow disabled on first page","webkit-auth","2026-08-11","passed","2026-08-11","Batch Page UI","features/04_batch.feature.spec.js","",""
"","3668","Batch name suffix accepts only numbers","chromium-auth","2026-08-11","passed","2026-08-11","Batch Page UI","features/04_batch.feature.spec.js","",""
"","3247","Example #2","chromium-auth","2026-08-11","failed","2026-08-11","Batch Page UI > Search by batch name","features/04_batch.feature.spec.js","",""
"","2980","Verify Staff Data table pagination","chromium-auth","2026-08-11","passed","2026-08-11","Home Page - UI Validation","features/02_homepage.feature.spec.js","",""
"","4803","Sorting of Batch Name in Ascending order","webkit-auth","2026-08-11","passed","2026-08-11","Batch Page UI","features/04_batch.feature.spec.js","",""
"","14261","Example #17","chromium-auth","2026-08-11","failed","2026-08-11","Program Page Verification > Add new program with valid details","features/03_program.feature.spec.js","",""
"","6008","Cancel batch deletion on batch page","webkit-auth","2026-08-11","passed","2026-08-11","Batch Page UI","features/04_batch.feature.spec.js","",""
"","3072","Verify bar chart presence","chromium-auth","2026-08-11","passed","2026-08-11","Home Page - UI Validation","features/02_homepage.feature.spec.js","",""
"","3983","Verify bar chart presence","webkit-auth","2026-08-11","passed","2026-08-11","Home Page - UI Validation","features/02_homepage.feature.spec.js","",""
"","2946","Application title is displayed","chromium-noauth","2026-08-11","passed","2026-08-11","Login Page - UI Verification","features/01_login.feature.spec.js","",""
"","4049","Close icon functionality","chromium-auth","2026-08-11","passed","2026-08-11","Batch Page UI","features/04_batch.feature.spec.js","",""
"","3755","Example #9","chromium-auth","2026-08-11","passed","2026-08-11","Program Page Verification > Add new program with valid details","features/03_program.feature.spec.js","",""
"","3512","Sorting of Program Description in Descending order","chromium-auth","2026-08-11","failed","2026-08-11","Program Page Verification","features/03_program.feature.spec.js","",""
"","3517","Validate Program Page UI elements","chromium-auth","2026-08-11","failed","2026-08-11","Program Page Verification","features/03_program.feature.spec.js","",""
"","3650","Sorting of Program Description in Ascending order","chromium-auth","2026-08-11","passed","2026-08-11","Program Page Verification","features/03_program.feature.spec.js","",""
"","3367","Sorting of Program status in Descending order","chromium-auth","2026-08-11","failed","2026-08-11","Program Page Verification","features/03_program.feature.spec.js","",""
"","3973","Login with using mouse","chromium-noauth","2026-08-11","passed","2026-08-11","Login Page - UI Verification > Login with <scenario>","features/01_login.feature.spec.js","",""
"","8276","Sorting of Batch Name in Descending order","webkit-auth","2026-08-11","passed","2026-08-11","Batch Page UI","features/04_batch.feature.spec.js","",""
"","3546","Example #15","chromium-auth","2026-08-11","passed","2026-08-11","Program Page Verification > Add new program with valid details","features/03_program.feature.spec.js","",""
"","3651","Sorting of Batch status in Ascending order","chromium-auth","2026-08-11","passed","2026-08-11","Batch Page UI","features/04_batch.feature.spec.js","",""
"","6418","Example #2","webkit-auth","2026-08-11","passed","2026-08-11","Program Page Verification > Add new program with valid details","features/03_program.feature.spec.js","",""
"","5859","Last Page Navigation","chromium-auth","2026-08-11","passed","2026-08-11","Batch Page UI","features/04_batch.feature.spec.js","",""
"","3248","Text presence on the first field","webkit-noauth","2026-08-11","passed","2026-08-11","Login Page - UI Verification","features/01_login.feature.spec.js","",""
"","6097","Validate editing description and No. of classes fields with ""valid data and click cancel button"" in the pop up","webkit-auth","2026-08-11","passed","2026-08-11","Batch Page UI > Validate editing description and No. of classes fields with ""<details>"" in the pop up","features/04_batch.feature.spec.js","",""
"","3678","Example #10","chromium-auth","2026-08-11","passed","2026-08-11","Program Page Verification > Add new program with valid details","features/03_program.feature.spec.js","",""
"","3332","Verify empty Staff Data table","chromium-auth","2026-08-11","passed","2026-08-11","Home Page - UI Validation","features/02_homepage.feature.spec.js","",""
"","3951","Close icon functionality of Program","chromium-auth","2026-08-11","passed","2026-08-11","Program Page Verification","features/03_program.feature.spec.js","",""
"","2954","Verify Staff count card","chromium-auth","2026-08-11","passed","2026-08-11","Home Page - UI Validation","features/02_homepage.feature.spec.js","",""
"","5879","Add new batch only with ""leaves blank one of the mandatory fields""","webkit-auth","2026-08-11","failed","2026-08-11","Batch Page UI > Add new batch only with ""<data>""","features/04_batch.feature.spec.js","",""
"","4639","Sorting of Program status in Descending order","webkit-auth","2026-08-11","failed","2026-08-11","Program Page Verification","features/03_program.feature.spec.js","",""
"","6183","Example #6","webkit-auth","2026-08-11","passed","2026-08-11","Program Page Verification > Add new program with valid details","features/03_program.feature.spec.js","",""
"","6404","Close icon functionality","webkit-auth","2026-08-11","passed","2026-08-11","Batch Page UI","features/04_batch.feature.spec.js","",""
"","4939","Edit icon functionality","webkit-auth","2026-08-11","passed","2026-08-11","Program Page Verification","features/03_program.feature.spec.js","",""
"","3727","Add new batch only with ""data to mandatory fields and click save""","chromium-auth","2026-08-11","failed","2026-08-11","Batch Page UI > Add new batch only with ""<data>""","features/04_batch.feature.spec.js","",""
"","5604","Batch name suffix accepts only numbers","webkit-auth","2026-08-11","passed","2026-08-11","Batch Page UI","features/04_batch.feature.spec.js","",""
"","3789","Logout function","chromium-auth","2026-08-11","passed","2026-08-11","Logout Page - Validation on Logout button","features/05_logout.feature.spec.js","",""
"","7683","Next Page Navigation","webkit-auth","2026-08-11","failed","2026-08-11","Batch Page UI","features/04_batch.feature.spec.js","",""
"","3557","Edit icon functionality on batch page","chromium-auth","2026-08-11","passed","2026-08-11","Batch Page UI","features/04_batch.feature.spec.js","",""
"","4328","Example #2","webkit-auth","2026-08-11","failed","2026-08-11","Batch Page UI > Search by batch name","features/04_batch.feature.spec.js","",""
"","5447","Sorting of Batch Description in Descending order","chromium-auth","2026-08-11","passed","2026-08-11","Batch Page UI","features/04_batch.feature.spec.js","",""
"","3896","Example #12","chromium-auth","2026-08-11","failed","2026-08-11","Program Page Verification > Add new program with valid details","features/03_program.feature.spec.js","",""
"","3757","Verify LMS title alignment","webkit-auth","2026-08-11","passed","2026-08-11","Home Page - UI Validation","features/02_homepage.feature.spec.js","",""
"","6846","Cancel Multiple Deletion","chromium-auth","2026-08-11","passed","2026-08-11","Program Page Verification","features/03_program.feature.spec.js","",""
"","3205","Dropdown options to select role","chromium-noauth","2026-08-11","passed","2026-08-11","Login Page - UI Verification","features/01_login.feature.spec.js","",""
"","5509","Add new batch only with ""valid data to all mandatory fields and click cancel""","webkit-auth","2026-08-11","failed","2026-08-11","Batch Page UI > Add new batch only with ""<data>""","features/04_batch.feature.spec.js","",""
"","6067","Example #13","webkit-auth","2026-08-11","passed","2026-08-11","Program Page Verification > Add new program with valid details","features/03_program.feature.spec.js","",""
"","6097","Example #9","webkit-auth","2026-08-11","passed","2026-08-11","Program Page Verification > Add new program with valid details","features/03_program.feature.spec.js","",""
"","4829","Login with using mouse","webkit-noauth","2026-08-11","passed","2026-08-11","Login Page - UI Verification > Login with <scenario>","features/01_login.feature.spec.js","",""
"","5174","Sorting of Number of classes in Ascending order","webkit-auth","2026-08-11","passed","2026-08-11","Batch Page UI","features/04_batch.feature.spec.js","",""
"","5460","Sorting of Batch status in Descending order","chromium-auth","2026-08-11","passed","2026-08-11","Batch Page UI","features/04_batch.feature.spec.js","",""
"","3766","Example #11","chromium-auth","2026-08-11","passed","2026-08-11","Program Page Verification > Add new program with valid details","features/03_program.feature.spec.js","",""
"","5969","close icon functionality for delete batch","chromium-auth","2026-08-11","passed","2026-08-11","Batch Page UI","features/04_batch.feature.spec.js","",""
"","6564","Previous Page Navigation","chromium-auth","2026-08-11","passed","2026-08-11","Program Page Verification","features/03_program.feature.spec.js","",""
"","5410","close icon functionality for delete program","chromium-auth","2026-08-11","passed","2026-08-11","Program Page Verification","features/03_program.feature.spec.js","",""
"","3727","Display Delete Confirmation For Program","chromium-auth","2026-08-11","passed","2026-08-11","Program Page Verification","features/03_program.feature.spec.js","",""
"","3734","Verify Staff Data table pagination","webkit-auth","2026-08-11","passed","2026-08-11","Home Page - UI Validation","features/02_homepage.feature.spec.js","",""
"","5518","Verify edited Program details","webkit-auth","2026-08-11","failed","2026-08-11","Program Page Verification","features/03_program.feature.spec.js","",""
"","6441","First Page Navigation","chromium-auth","2026-08-11","passed","2026-08-11","Program Page Verification","features/03_program.feature.spec.js","",""
"","5089","Display Delete Confirmation","webkit-auth","2026-08-11","passed","2026-08-11","Batch Page UI","features/04_batch.feature.spec.js","",""
"","5452","Program name appears as batch prefix","webkit-auth","2026-08-11","failed","2026-08-11","Batch Page UI","features/04_batch.feature.spec.js","",""
"","5370","Example #2","webkit-auth","2026-08-11","passed","2026-08-11","Program Page Verification > Add New Program - UI Validation","features/03_program.feature.spec.js","",""
"","3732","Add new batch only with ""data to all fields and click save""","chromium-auth","2026-08-11","failed","2026-08-11","Batch Page UI > Add new batch only with ""<data>""","features/04_batch.feature.spec.js","",""
"","5419","First page arrow disabled on first page","chromium-auth","2026-08-11","passed","2026-08-11","Batch Page UI","features/04_batch.feature.spec.js","",""
"","5479","Sorting of Batch Name in Descending order","chromium-auth","2026-08-11","passed","2026-08-11","Batch Page UI","features/04_batch.feature.spec.js","",""
"","3387","Login instruction message is displayed","webkit-noauth","2026-08-11","passed","2026-08-11","Login Page - UI Verification","features/01_login.feature.spec.js","",""
"","8094","First page arrow disabled on first page","webkit-auth","2026-08-11","passed","2026-08-11","Batch Page UI","features/04_batch.feature.spec.js","",""
"","3414","Login button is displayed","webkit-noauth","2026-08-11","passed","2026-08-11","Login Page - UI Verification","features/01_login.feature.spec.js","",""
"","2870","Asterisk is displayed for user field","chromium-noauth","2026-08-11","passed","2026-08-11","Login Page - UI Verification","features/01_login.feature.spec.js","",""
"","14125","Example #16","chromium-auth","2026-08-11","failed","2026-08-11","Program Page Verification > Add new program with valid details","features/03_program.feature.spec.js","",""
"","3465","Sorting of Program name in Descending order","chromium-auth","2026-08-11","failed","2026-08-11","Program Page Verification","features/03_program.feature.spec.js","",""
"","3856","Verify welcome message","webkit-auth","2026-08-11","passed","2026-08-11","Home Page - UI Validation","features/02_homepage.feature.spec.js","",""
"","3177","Verify LMS title alignment","chromium-auth","2026-08-11","passed","2026-08-11","Home Page - UI Validation","features/02_homepage.feature.spec.js","",""
"","4786","Example #2","chromium-auth","2026-08-11","passed","2026-08-11","Program Page Verification > Verify stored program search","features/03_program.feature.spec.js","",""
"","5353","Previous Page Navigation","chromium-auth","2026-08-11","passed","2026-08-11","Batch Page UI","features/04_batch.feature.spec.js","",""
"","6562","Example #3","webkit-auth","2026-08-11","passed","2026-08-11","Program Page Verification > Verify stored program search","features/03_program.feature.spec.js","",""
"","8171","First Page Navigation","webkit-auth","2026-08-11","passed","2026-08-11","Batch Page UI","features/04_batch.feature.spec.js","",""
"","6706","Login with no role selected","webkit-noauth","2026-08-11","passed","2026-08-11","Login Page - UI Verification > Login with <scenario>","features/01_login.feature.spec.js","",""
"","8083","Close Multiple deletion confirmation","webkit-auth","2026-08-11","passed","2026-08-11","Program Page Verification","features/03_program.feature.spec.js","",""
"","5303","Edit icon functionality on batch page","webkit-auth","2026-08-11","passed","2026-08-11","Batch Page UI","features/04_batch.feature.spec.js","",""
"","3583","Edit icon functionality","chromium-auth","2026-08-11","passed","2026-08-11","Program Page Verification","features/03_program.feature.spec.js","",""
"","3452","Example #6","chromium-auth","2026-08-11","passed","2026-08-11","Program Page Verification > Add New Program - UI Validation","features/03_program.feature.spec.js","",""
"","31603","Example #2","webkit-auth","2026-08-11","broken","2026-08-11","Home Page - UI Validation > Verify user status chart legends","features/02_homepage.feature.spec.js","",""
"","3574","Example #4","chromium-auth","2026-08-11","passed","2026-08-11","Program Page Verification > Add new program with valid details","features/03_program.feature.spec.js","",""
"","5455","Next Page Navigation","chromium-auth","2026-08-11","passed","2026-08-11","Program Page Verification","features/03_program.feature.spec.js","",""
"","2952","Company name is displayed","chromium-noauth","2026-08-11","passed","2026-08-11","Login Page - UI Verification","features/01_login.feature.spec.js","",""
"","7898","Sorting of Batch status in Descending order","webkit-auth","2026-08-11","passed","2026-08-11","Batch Page UI","features/04_batch.feature.spec.js","",""
"","3136","Verify title of the LMS","chromium-auth","2026-08-11","passed","2026-08-11","Home Page - UI Validation","features/02_homepage.feature.spec.js","",""
"","5384","Previous page arrow disabled on first page","chromium-auth","2026-08-11","passed","2026-08-11","Batch Page UI","features/04_batch.feature.spec.js","",""
"","3571","Example #5","chromium-auth","2026-08-11","passed","2026-08-11","Program Page Verification > Add new program with valid details","features/03_program.feature.spec.js","",""
"","3511","Dropdown options to select role","webkit-noauth","2026-08-11","passed","2026-08-11","Login Page - UI Verification","features/01_login.feature.spec.js","",""
"","3293","Role dropdown is displayed","webkit-noauth","2026-08-11","passed","2026-08-11","Login Page - UI Verification","features/01_login.feature.spec.js","",""
"","3774","Example #13","chromium-auth","2026-08-11","passed","2026-08-11","Program Page Verification > Add new program with valid details","features/03_program.feature.spec.js","",""
"","2921","Login button is displayed","chromium-noauth","2026-08-11","passed","2026-08-11","Login Page - UI Verification","features/01_login.feature.spec.js","",""
"","7373","Login with invalid role","webkit-noauth","2026-08-11","passed","2026-08-11","Login Page - UI Verification > Login with <scenario>","features/01_login.feature.spec.js","",""
"","4902","Next Page Navigation","chromium-auth","2026-08-11","passed","2026-08-11","Batch Page UI","features/04_batch.feature.spec.js","",""
"","3276","Example #4","chromium-auth","2026-08-11","passed","2026-08-11","Program Page Verification > Add New Program - UI Validation","features/03_program.feature.spec.js","",""
"","5858","Example #15","webkit-auth","2026-08-11","passed","2026-08-11","Program Page Verification > Add new program with valid details","features/03_program.feature.spec.js","",""
"","3066","Admin navigates to Batch page","chromium-auth","2026-08-11","passed","2026-08-11","Batch Page UI","features/04_batch.feature.spec.js","",""
"","3722","Sorting of Batch Description in Ascending order","chromium-auth","2026-08-11","passed","2026-08-11","Batch Page UI","features/04_batch.feature.spec.js","",""
"","8325","Delete selected program","chromium-auth","2026-08-11","failed","2026-08-11","Program Page Verification","features/03_program.feature.spec.js","",""
"","2883","Password field placeholder text colour","chromium-noauth","2026-08-11","passed","2026-08-11","Login Page - UI Verification","features/01_login.feature.spec.js","",""
"","4505","Sorting of Program Description in Descending order","webkit-auth","2026-08-11","failed","2026-08-11","Program Page Verification","features/03_program.feature.spec.js","",""
"","2865","User field placeholder text colour","chromium-noauth","2026-08-11","passed","2026-08-11","Login Page - UI Verification","features/01_login.feature.spec.js","",""
"","3768","Example #1","chromium-auth","2026-08-11","passed","2026-08-11","Program Page Verification > Edit program field","features/03_program.feature.spec.js","",""
"","8981","Validate editing description and No. of classes fields with ""valid data and click save button"" in the pop up","chromium-auth","2026-08-11","failed","2026-08-11","Batch Page UI > Validate editing description and No. of classes fields with ""<details>"" in the pop up","features/04_batch.feature.spec.js","",""
"","7089","Example #2","webkit-auth","2026-08-11","passed","2026-08-11","Program Page Verification > Verify stored program search","features/03_program.feature.spec.js","",""
"","3283","Delete Multiple Batches on batch page","chromium-auth","2026-08-11","failed","2026-08-11","Batch Page UI","features/04_batch.feature.spec.js","",""
"","3742","Verify Staff Data table headers","webkit-auth","2026-08-11","passed","2026-08-11","Home Page - UI Validation","features/02_homepage.feature.spec.js","",""
"","3048","Navigate to Program page from home page","chromium-auth","2026-08-11","passed","2026-08-11","Program Page Verification","features/03_program.feature.spec.js","",""
"","8068","Previous Page Navigation","webkit-auth","2026-08-11","passed","2026-08-11","Batch Page UI","features/04_batch.feature.spec.js","",""
"","5142","Add New Batch dialog is displayed","webkit-auth","2026-08-11","passed","2026-08-11","Batch Page UI","features/04_batch.feature.spec.js","",""
"","3186","Different elements on Batch page are displayed","chromium-auth","2026-08-11","passed","2026-08-11","Batch Page UI","features/04_batch.feature.spec.js","",""
"","3019","Verify Staff Data table headers","chromium-auth","2026-08-11","passed","2026-08-11","Home Page - UI Validation","features/02_homepage.feature.spec.js","",""
"","4264","login and save session","setup-user","2026-08-11","passed","2026-08-11","","../auth/user.setup.js","",""
"","3733","Add new batch only with ""leaves blank one of the mandatory fields""","chromium-auth","2026-08-11","failed","2026-08-11","Batch Page UI > Add new batch only with ""<data>""","features/04_batch.feature.spec.js","",""
"","3118","Batch-sub menu displayed","chromium-auth","2026-08-11","passed","2026-08-11","Batch Page UI","features/04_batch.feature.spec.js","",""
"","6983","pagination when there are less than 5 records","webkit-auth","2026-08-11","passed","2026-08-11","Program Page Verification","features/03_program.feature.spec.js","",""
"","4601","Validate Program Page UI elements","webkit-auth","2026-08-11","failed","2026-08-11","Program Page Verification","features/03_program.feature.spec.js","",""
"","16623","Example #17","webkit-auth","2026-08-11","failed","2026-08-11","Program Page Verification > Add new program with valid details","features/03_program.feature.spec.js","",""
"","7374","close icon functionality for delete program","webkit-auth","2026-08-11","passed","2026-08-11","Program Page Verification","features/03_program.feature.spec.js","",""
"","11283","Validate editing description and No. of classes fields with ""valid data and click save button"" in the pop up","webkit-auth","2026-08-11","failed","2026-08-11","Batch Page UI > Validate editing description and No. of classes fields with ""<details>"" in the pop up","features/04_batch.feature.spec.js","",""
"","3633","Example #7","chromium-auth","2026-08-11","passed","2026-08-11","Program Page Verification > Add new program with valid details","features/03_program.feature.spec.js","",""
"","4455","Select multiple batch on batch page","webkit-auth","2026-08-11","failed","2026-08-11","Batch Page UI","features/04_batch.feature.spec.js","",""
"","2936","Text presence on the first field","chromium-noauth","2026-08-11","passed","2026-08-11","Login Page - UI Verification","features/01_login.feature.spec.js","",""
"","7409","Delete Multiple programs","webkit-auth","2026-08-11","passed","2026-08-11","Program Page Verification","features/03_program.feature.spec.js","",""
"","3034","Asterisk is displayed for password field","chromium-noauth","2026-08-11","passed","2026-08-11","Login Page - UI Verification","features/01_login.feature.spec.js","",""
"","5434","Add new batch only with ""data to all fields and click save""","webkit-auth","2026-08-11","failed","2026-08-11","Batch Page UI > Add new batch only with ""<data>""","features/04_batch.feature.spec.js","",""
"","9462","Delete selected program","webkit-auth","2026-08-11","failed","2026-08-11","Program Page Verification","features/03_program.feature.spec.js","",""
"","3549","Sorting of Number of classes in Ascending order","chromium-auth","2026-08-11","passed","2026-08-11","Batch Page UI","features/04_batch.feature.spec.js","",""
"","3312","Application logo is displayed","webkit-noauth","2026-08-11","passed","2026-08-11","Login Page - UI Verification","features/01_login.feature.spec.js","",""
"","4574","Sorting of Program name in Descending order","webkit-auth","2026-08-11","failed","2026-08-11","Program Page Verification","features/03_program.feature.spec.js","",""
"","3707","Add new batch only with ""valid data to all mandatory fields and click cancel""","chromium-auth","2026-08-11","failed","2026-08-11","Batch Page UI > Add new batch only with ""<data>""","features/04_batch.feature.spec.js","",""
"","2862","Alignment of the login form","chromium-noauth","2026-08-11","passed","2026-08-11","Login Page - UI Verification","features/01_login.feature.spec.js","",""
"","8040","Next page arrow enabled on first page","webkit-auth","2026-08-11","passed","2026-08-11","Batch Page UI","features/04_batch.feature.spec.js","",""
"","5223","Display Delete Confirmation For Program","webkit-auth","2026-08-11","passed","2026-08-11","Program Page Verification","features/03_program.feature.spec.js","",""
"","6201","Example #1","webkit-auth","2026-08-11","passed","2026-08-11","Program Page Verification > Edit program field","features/03_program.feature.spec.js","",""
"","3666","Example #1","chromium-auth","2026-08-11","passed","2026-08-11","Program Page Verification > Add new program with valid details","features/03_program.feature.spec.js","",""
"","9113","Cancel batch deletion on batch page","chromium-auth","2026-08-11","failed","2026-08-11","Batch Page UI","features/04_batch.feature.spec.js","",""
"","7353","Example #1","webkit-auth","2026-08-11","passed","2026-08-11","Program Page Verification > Verify stored program search","features/03_program.feature.spec.js","",""
"","3588","Alignment of the login form","webkit-noauth","2026-08-11","passed","2026-08-11","Login Page - UI Verification","features/01_login.feature.spec.js","",""
"","7178","Login with empty password","webkit-noauth","2026-08-11","passed","2026-08-11","Login Page - UI Verification > Login with <scenario>","features/01_login.feature.spec.js","",""
"","4496","Example #1","webkit-auth","2026-08-11","failed","2026-08-11","Batch Page UI > Search by batch name","features/04_batch.feature.spec.js","",""
"","2979","Input field label alignment","chromium-noauth","2026-08-11","passed","2026-08-11","Login Page - UI Verification","features/01_login.feature.spec.js","",""
"","3327","Text presence on the second field","webkit-noauth","2026-08-11","passed","2026-08-11","Login Page - UI Verification","features/01_login.feature.spec.js","",""
"","5776","Example #3","webkit-auth","2026-08-11","passed","2026-08-11","Program Page Verification > Add new program with valid details","features/03_program.feature.spec.js","",""
"","3003","Verify navigation bar","chromium-auth","2026-08-11","passed","2026-08-11","Home Page - UI Validation","features/02_homepage.feature.spec.js","",""
"","6443","Login with empty username","chromium-noauth","2026-08-11","passed","2026-08-11","Login Page - UI Verification > Login with <scenario>","features/01_login.feature.spec.js","",""
"","3980","Delete program Successfully on batch page","chromium-auth","2026-08-11","passed","2026-08-11","Program Page Verification","features/03_program.feature.spec.js","",""
"","7591","Cancel program deletion on batch page","webkit-auth","2026-08-11","passed","2026-08-11","Program Page Verification","features/03_program.feature.spec.js","",""
"","4769","Login with valid credentials","webkit-noauth","2026-08-11","passed","2026-08-11","Login Page - UI Verification > Login with <scenario>","features/01_login.feature.spec.js","",""
"","5608","Logout function","webkit-auth","2026-08-11","passed","2026-08-11","Logout Page - Validation on Logout button","features/05_logout.feature.spec.js","",""
"","4545","pagination when there are no records","chromium-auth","2026-08-11","passed","2026-08-11","Program Page Verification","features/03_program.feature.spec.js","",""
"","3514","User field placeholder text colour","webkit-noauth","2026-08-11","passed","2026-08-11","Login Page - UI Verification","features/01_login.feature.spec.js","",""
"","6970","pagination when there are no records","webkit-auth","2026-08-11","passed","2026-08-11","Program Page Verification","features/03_program.feature.spec.js","",""
"","5506","Cancel program deletion on batch page","chromium-auth","2026-08-11","passed","2026-08-11","Program Page Verification","features/03_program.feature.spec.js","",""
"","5312","Last page arrow enabled on first page","chromium-auth","2026-08-11","passed","2026-08-11","Batch Page UI","features/04_batch.feature.spec.js","",""
"","3629","Example #8","chromium-auth","2026-08-11","passed","2026-08-11","Program Page Verification > Add new program with valid details","features/03_program.feature.spec.js","",""
"","5317","Add new batch only with ""data to mandatory fields and click save""","webkit-auth","2026-08-11","failed","2026-08-11","Batch Page UI > Add new batch only with ""<data>""","features/04_batch.feature.spec.js","",""
"","5620","Batch name Prefix cannot be edited","webkit-auth","2026-08-11","passed","2026-08-11","Batch Page UI","features/04_batch.feature.spec.js","",""
"","3073","Verify Programs count card","chromium-auth","2026-08-11","passed","2026-08-11","Home Page - UI Validation","features/02_homepage.feature.spec.js","",""
"","6810","Login with special chars in username","chromium-noauth","2026-08-11","failed","2026-08-11","Login Page - UI Verification > Login with <scenario>","features/01_login.feature.spec.js","",""
"","3978","Input fields are displayed","webkit-noauth","2026-08-11","passed","2026-08-11","Login Page - UI Verification","features/01_login.feature.spec.js","",""
"","6231","Delete program Successfully on batch page","webkit-auth","2026-08-11","passed","2026-08-11","Program Page Verification","features/03_program.feature.spec.js","",""
"","2958","Input fields are displayed","chromium-noauth","2026-08-11","passed","2026-08-11","Login Page - UI Verification","features/01_login.feature.spec.js","",""
"","7319","Next Page Navigation","webkit-auth","2026-08-11","passed","2026-08-11","Program Page Verification","features/03_program.feature.spec.js","",""
"","4101","Login page is displayed successfully","webkit-noauth","2026-08-11","passed","2026-08-11","Login Page - UI Verification","features/01_login.feature.spec.js","",""
"","5936","Example #2","webkit-auth","2026-08-11","passed","2026-08-11","Program Page Verification > Edit program field","features/03_program.feature.spec.js","",""
"","2935","Application logo is displayed","chromium-noauth","2026-08-11","passed","2026-08-11","Login Page - UI Verification","features/01_login.feature.spec.js","",""
"","3702","Program name appears as batch prefix","chromium-auth","2026-08-11","failed","2026-08-11","Batch Page UI","features/04_batch.feature.spec.js","",""
"","3336","Input field label alignment","webkit-noauth","2026-08-11","passed","2026-08-11","Login Page - UI Verification","features/01_login.feature.spec.js","",""
"","4985","Example #6","webkit-auth","2026-08-11","passed","2026-08-11","Program Page Verification > Add New Program - UI Validation","features/03_program.feature.spec.js","",""
"","5929","Example #1","chromium-auth","2026-08-11","passed","2026-08-11","Program Page Verification > Verify stored program search","features/03_program.feature.spec.js","",""
"","4071","Navigate to Program page from home page","webkit-auth","2026-08-11","passed","2026-08-11","Program Page Verification","features/03_program.feature.spec.js","",""
"","3997","Verify User count card","webkit-auth","2026-08-11","passed","2026-08-11","Home Page - UI Validation","features/02_homepage.feature.spec.js","",""
"","10546","Deleted program Visibility","webkit-auth","2026-08-11","passed","2026-08-11","Program Page Verification","features/03_program.feature.spec.js","",""
"","5470","Next page arrow enabled on first page","chromium-auth","2026-08-11","passed","2026-08-11","Batch Page UI","features/04_batch.feature.spec.js","",""
"","4715","pagination when there are less than 5 records","chromium-auth","2026-08-11","passed","2026-08-11","Program Page Verification","features/03_program.feature.spec.js","",""
